{
  "fabric:load_conditions": [
    {
       "condition": "fabric:all_mods_loaded",
       "values": [
         "ae2"
       ]
     }
   ],
  "type": "create:sequenced_assembly",
  "ingredient": {
    "item": "ae2:certus_crystal_seed"
  },
  "transitionalItem": {
    "item": "ae2:certus_crystal_seed"
  },
  "sequence": [
    {
      "type": "create:filling",
      "ingredients": [
        {
          "item": "ae2:certus_crystal_seed"
        },
        {
          "fluid": "minecraft:water",
          "nbt": {},
          "amount": 81000
        }
      ],
      "results": [
        {
          "item": "ae2:certus_crystal_seed"
        }
      ]
    }
  ],
  "results": [
    {
      "item": "ae2:certus_quartz_crystal",
      "chance": 1
    }
  ],
  "loops": 12
}