{
    "fabric:load_conditions": [
		{
      "condition": "fabric:all_mods_loaded",
      "values": [
        "techreborn"
      ]
		}
	],
    "type": "create:compacting",
    "ingredients": [
      {
        "tag": "c:calcite_small_dusts"
      },
      {
        "tag": "c:calcite_small_dusts"
      },
      {
        "tag": "c:calcite_small_dusts"
      },
      {
        "tag": "c:calcite_small_dusts"
      },
      {
        "tag": "c:calcite_small_dusts"
      }
    ],
    "results": [
      {
        "item": "minecraft:calcite"
      }
    ]
  }