{
  "fabric:load_conditions": [
		{
      "condition": "fabric:all_mods_loaded",
      "values": [
        "mythicmetals"
      ]
		}
  ],
  "type": "create:crushing",
  "ingredients": [
    {
      "item": "mythicmetals:tin_ore"
    }
  ],
  "results": [
    {
      "item": "create:crushed_tin_ore",
      "count": 1
    },
    {
      "item": "create:crushed_tin_ore",
      "chance": 0.75
    },
    {
      "item": "create:experience_nugget",
      "chance": 0.75
    },
    {
      "item": "minecraft:cobblestone",
      "chance": 0.125
    }
  ],
  "processingTime": 250
}