{
  "fabric:load_conditions": [
		{
      "condition": "fabric:all_mods_loaded",
      "values": [
        "mythicmetals"
      ]
		}
  ],
  "type": "create:crushing",
  "ingredients": [
    {
      "item": "mythicmetals:calcite_starrite_ore"
    }
  ],
  "results": [
    {
      "item": "mythicmetals:starrite",
      "count": 1
    },
    {
      "item": "mythicmetals:starrite",
      "chance": 0.25
    },
    {
      "item": "create:experience_nugget",
      "chance": 0.75
    },
    {
      "item": "minecraft:calcite",
      "chance": 0.125
    }
  ],
  "processingTime": 350
}