{
  "fabric:load_conditions": [
		{
      "condition": "fabric:all_mods_loaded",
      "values": [
        "techreborn"
      ]
		}
  ],
  "type": "create:crushing",
  "ingredients": [
    {
      "tag": "c:pyrite_ores"
    }
  ],
  "results": [
    {
      "item": "techreborn:pyrite_dust",
      "count": 2
    },
    {
      "item": "techreborn:pyrite_dust",
      "chance": 0.75
    },
    {
      "item": "techreborn:sulfur_dust",
      "chance": 0.5
    },
    {
      "item": "minecraft:netherrack",
      "chance": 0.12
    }
  ],
  "processingTime": 150
}