{
  "fabric:load_conditions": [
		{
      "condition": "fabric:all_mods_loaded",
      "values": [
        "techreborn"
      ]
		}
  ],
  "type": "create:crushing",
  "ingredients": [
    {
      "tag": "c:sphalerite_ores"
    }
  ],
  "results": [
    {
      "item": "techreborn:sphalerite_dust"
    },
    {
      "item": "techreborn:sphalerite_dust",
      "chance": 0.5
    },
    {
      "item": "techreborn:yellow_garnet_gem",
      "chance": 0.15
    },
    {
      "item": "minecraft:netherrack",
      "chance": 0.12
    }
  ],
  "processingTime": 150
}