{
  "fabric:load_conditions": [
    {
       "condition": "fabric:all_mods_loaded",
       "values": [
         "farmersdelight"
       ]
     }
   ],
    "type": "create:compacting",
    "ingredients": [
      {
        "tag": "c:crops/wheat"
      },
      {
        "tag": "c:crops/wheat"
      },
      {
        "fluid": "create:honey",
        "nbt": {},
        "amount": 20250
      }
    ],
    "results": [
      {
        "item": "farmersdelight:honey_cookie",
        "count": 8
      }
    ]
  }