{
    "fabric:load_conditions": [
        {
            "condition": "fabric:all_mods_loaded",
            "values": [
                "immersive_weathering"
            ]
        }
    ],
    "results": [
        {
            "item": "immersive_weathering:waxed_iron_bars"
        }
    ],
    "type": "create:deploying",
    "ingredients": [
        {
            "item": "minecraft:iron_bars"
        },
        {
            "item": "minecraft:honeycomb_block"
        }
    ],
    "keepHeldItem": true
}