{
  "fabric:load_conditions": [
    {
       "condition": "fabric:all_mods_loaded",
       "values": [
         "ae2"
       ]
     }
   ],
  "type": "create:sequenced_assembly",
  "ingredient": {
    "item": "ae2:printed_silicon"
  },
  "transitionalItem": {
    "item": "ae2:printed_silicon"
  },
  "sequence": [
    {
      "type": "create:deploying",
      "ingredients": [
        {
          "item": "ae2:printed_silicon"
        },
        {
          "item": "ae2:printed_calculation_processor"
        }
      ],
      "results": [
        {
          "item": "ae2:printed_silicon"
        }
      ],
      "keepHeldItem": false
    },
    {
      "type": "create:deploying",
      "ingredients": [
        {
          "item": "ae2:printed_silicon"
        },
        {
          "tag": "c:dusts/redstone"
        }
      ],
      "results": [
        {
          "item": "ae2:printed_silicon"
        }
      ],
      "keepHeldItem": false
    },
    {
      "type": "create:pressing",
      "ingredients": [
        {
          "item": "ae2:printed_silicon"
        }
      ],
      "results": [
        {
          "item": "ae2:printed_silicon"
        }
      ]
    }
  ],
  "results": [
    {
      "item": "ae2:calculation_processor",
      "chance": 80
    },
    {
      "item": "ae2:printed_silicon",
      "chance": 10
    },
    {
      "item": "ae2:printed_calculation_processor",
      "chance": 10
    }
  ],
  "loops": 1
}